{"version": "1", "message": "ERROR: Hidden Testcases server unreachable.", "problem_id": "ads2_m14_a1_1", "user_id": "Anisha-Vulli", "score": {"sample": {"0": {"execution_time": 0.41985392570495605, "passed": true}, "1": {"execution_time": 0.42780137062072754, "passed": true}, "2": {"execution_time": 0.41214489936828613, "passed": true}, "3": {"execution_time": 0.420548677444458, "passed": true}, "4": {"execution_time": 0.40354371070861816, "passed": true}, "5": {"execution_time": 0.46290135383605957, "passed": true}}}, "check_style_score": "1/1"}