{"version": "1", "message": "ERROR: Hidden Testcases server unreachable.", "problem_id": "ads2_m10_a1_1", "user_id": "Anisha-Vulli", "score": {"sample": {"0": {"execution_time": 0.9552967548370361, "passed": true}, "1": {"execution_time": 0.8862333297729492, "passed": true}, "2": {"execution_time": 0.6761860847473145, "passed": true}, "3": {"execution_time": 0.24703049659729004, "passed": true}, "4": {"execution_time": 0.8397228717803955, "passed": true}, "5": {"execution_time": 0.9400393962860107, "passed": true}, "6": {"execution_time": 4.4672691822052, "passed": true}, "7": {"execution_time": 0.7103419303894043, "passed": true}, "8": {"execution_time": 4.328455924987793, "passed": true}}}, "check_style_score": "0/1"}