{"version": "1", "message": "ERROR: Hidden Testcases server unreachable.", "problem_id": "ads2_m13_a1_1", "user_id": "Anisha-Vulli", "score": {"sample": {"0": {"execution_time": 0.26884937286376953, "passed": true}, "1": {"execution_time": 0.257277250289917, "passed": true}, "2": {"execution_time": 0.26140475273132324, "passed": true}, "3": {"execution_time": 0.2596616744995117, "passed": true}, "4": {"execution_time": 0.3247947692871094, "passed": true}, "5": {"execution_time": 0.3199477195739746, "passed": true}, "6": {"execution_time": 0.3692317008972168, "passed": true}, "7": {"execution_time": 0.29720115661621094, "passed": true}}}, "check_style_score": "0/1"}