{"version": "1", "message": "ERROR: Hidden Testcases server unreachable.", "problem_id": "ads2_m8_a1_1", "user_id": "Anisha-Vulli", "score": {"sample": {"0": {"execution_time": 0.3082735538482666, "passed": true}, "1": {"execution_time": 0.2638406753540039, "passed": true}, "2": {"execution_time": 0.4947223663330078, "passed": true}, "3": {"execution_time": 0.8007957935333252, "passed": true}, "4": {"execution_time": 0.5477809906005859, "passed": true}, "5": {"execution_time": 1.6301500797271729, "passed": true}}}, "check_style_score": "1/1"}