{"version": "1", "message": "ERROR: Hidden Testcases server unreachable.", "problem_id": "ads2_m7_a1_1", "user_id": "Anisha-Vulli", "score": {"sample": {"0": {"execution_time": 1.0678467750549316, "passed": true}, "1": {"execution_time": 0.2768435478210449, "passed": true}, "2": {"execution_time": 0.35181331634521484, "passed": true}, "3": {"execution_time": 0.2588529586791992, "passed": true}, "4": {"execution_time": 0.28383827209472656, "passed": true}, "5": {"execution_time": 0.3088240623474121, "passed": true}}}, "check_style_score": "0/1"}